Season,Rating
1,7.769230769
2,8.05
3,8.191666667
4,8.318181818
5,8.395454545
6,8.376
7,8.368
8,8.264
9,7.832
10,7.608695652
11,7.268181818
12,7.328571429
13,7.040909091
14,7
15,6.959090909
16,6.904761905
17,6.786363636
18,6.836363636
19,6.82
20,6.823809524
21,6.704347826
22,6.627272727
23,6.659090909
24,6.604545455
25,6.672727273
26,6.554545455
27,6.640909091
28,6.461904762
29,6.60952381
30,6.047826087
31,6.377272727
